employee_id,table_id,first_name,last_name,job_title
1,2,Harley,Bowden,Slot Machine Technician
2,8,Analiese,Wilsee,Cashier
3,3,Kendra,Riccardini,Security Guard
4,23,Lissi,Westover,Security Guard
5,7,Danika,Reeve,Cashier
6,29,Fonz,Inger,Pit Boss
7,9,Perla,Croke,Cocktail Server
8,21,Larina,Wichard,Cocktail Server
9,23,Raviv,McCurdy,Cashier
10,28,Berkley,Mottini,Floor Manager
11,9,Kathryn,Murch,Casino Host
12,2,Wilbur,Brane,Floor Manager
13,7,Harv,Seaborne,Cashier
14,3,Ethan,Esgate,Surveillance Operator
15,13,Kellyann,Koeppe,Cashier
16,5,Balduin,Nelane,Cashier
17,18,Antony,Swaffer,Surveillance Operator
18,29,Pearl,Hamblington,Security Guard
19,17,Audrey,Wadham,Marketing Coordinator
20,4,Janka,Ellens,Slot Machine Technician
21,13,Hurley,Gommes,Cashier
22,13,Maria,Braysher,Surveillance Operator
23,29,Kimberley,McCarrick,Cocktail Server
24,24,Niven,Strettle,Marketing Coordinator
25,17,Lefty,Casero,Security Guard
26,13,Larry,Rosenkrantz,Blackjack Dealer
27,11,Chase,Cullum,Casino Host
28,18,Berti,Alldred,Blackjack Dealer
29,25,Eward,Tiltman,Blackjack Dealer
30,16,Christie,Croix,Cocktail Server
31,19,Cornie,Timlin,Pit Boss
32,2,Pam,Brandino,Cocktail Server
33,5,Katharina,Phippard,Cocktail Server
34,24,Becky,Dudney,Marketing Coordinator
35,17,Renault,Musslewhite,Blackjack Dealer
36,28,Dyan,Hathorn,Slot Machine Technician
37,10,Dana,Finnes,Security Guard
38,3,Brana,Kettlestring,Surveillance Operator
39,15,Cammie,Emms,Surveillance Operator
40,10,Shae,Spurrett,Blackjack Dealer
41,12,Roderick,Spring,Cocktail Server
42,28,Etty,Lysaght,Security Guard
43,12,Madge,Byram,Slot Machine Technician
44,14,Gilligan,Hammant,Cashier
45,23,Dacie,Sterricker,Marketing Coordinator
46,7,Lynnea,Battany,Cashier
47,4,Osborn,Gowdie,Surveillance Operator
48,9,Mersey,Jirieck,Marketing Coordinator
49,24,Tony,Deacock,Slot Machine Technician
50,4,Patrizio,Sterke,Casino Host
51,6,Melodie,Baynard,Casino Host
52,11,Bucky,Coffin,Marketing Coordinator
53,18,Barbabas,Harnwell,Surveillance Operator
54,14,Bab,Heaton,Pit Boss
55,10,Willie,Lightewood,Casino Host
56,11,Fabe,Paulley,Security Guard
57,5,Shaun,Ternouth,Cashier
58,12,Sarine,Mudge,Slot Machine Technician
59,15,Alexio,Crowson,Slot Machine Technician
60,16,Talia,Gasquoine,Blackjack Dealer
61,20,Sidney,Dingley,Floor Manager
62,25,Quentin,Halladay,Cashier
63,8,Edvard,Ciccone,Pit Boss
64,15,Joli,Wreath,Surveillance Operator
65,16,Cathryn,Dunton,Casino Host
66,11,Tani,Connochie,Casino Host
67,17,Ranice,Le Fevre,Floor Manager
68,24,Berenice,Fuentes,Blackjack Dealer
69,19,Sven,Lambertz,Cashier
70,17,Zechariah,Savins,Pit Boss
71,23,Lincoln,Griffiths,Blackjack Dealer
72,4,Cody,Grint,Pit Boss
73,5,Gaylord,Ryman,Pit Boss
74,14,Vyky,Twigley,Floor Manager
75,8,Kiele,Geal,Marketing Coordinator
76,11,Ganny,Honeywood,Floor Manager
77,4,Deeann,McQuorkell,Marketing Coordinator
78,24,Maitilde,Texton,Floor Manager
79,6,Joanie,Pigdon,Casino Host
80,27,Angy,Caltera,Casino Host
81,10,Edgardo,Plues,Casino Host
82,27,Abel,Buddock,Slot Machine Technician
83,26,Pauly,Olivello,Cocktail Server
84,1,Gilberta,Salvin,Marketing Coordinator
85,24,Stefa,Seaking,Casino Host
86,25,Remus,Shieber,Security Guard
87,16,Lola,Gallimore,Floor Manager
88,19,Laney,Smallpiece,Surveillance Operator
89,23,Charline,Stonebridge,Slot Machine Technician
90,7,Tully,Linton,Blackjack Dealer
91,28,Sonny,Proven,Blackjack Dealer
92,29,Sander,Rummer,Cocktail Server
93,13,Idette,Butterley,Cashier
94,21,Cathlene,Keyho,Casino Host
95,20,Cyndy,Griffen,Marketing Coordinator
96,1,Winston,Rosenhaupt,Cashier
97,14,Tobie,Ruggieri,Casino Host
98,4,Sascha,Boughton,Surveillance Operator
99,6,Jenny,Carding,Casino Host
100,22,Erl,Springate,Cocktail Server
101,17,Trey,Bouller,Surveillance Operator
102,12,Eldin,Gobolos,Security Guard
103,2,Cammy,Tregidga,Floor Manager
104,7,Leeann,Fidoe,Surveillance Operator
105,16,Juline,Gillogley,Security Guard
106,7,Kassi,Howcroft,Blackjack Dealer
107,27,Blithe,Pithcock,Casino Host
108,23,Florinda,Elven,Slot Machine Technician
109,29,Mac,Keenlyside,Security Guard
110,1,Jewell,Sprague,Cocktail Server
111,5,Edin,Stanwix,Slot Machine Technician
112,1,Olly,Cohen,Cashier
113,3,Alaric,Gilardi,Cashier
114,4,Wilie,Greves,Pit Boss
115,28,Jaquenetta,Fellon,Cocktail Server
116,18,Jannel,Crump,Surveillance Operator
117,1,Phyllida,Lackington,Marketing Coordinator
118,5,Trudey,Splevins,Blackjack Dealer
119,27,Manda,Dabner,Casino Host
120,12,Hana,Bowhay,Casino Host
121,7,Cristi,Straffon,Pit Boss
122,12,Marrilee,Ridings,Surveillance Operator
123,1,Maye,Phelipeau,Security Guard
124,1,Gretna,Satterley,Surveillance Operator
125,28,Artemas,Marlon,Blackjack Dealer
126,27,Martha,Christopher,Security Guard
127,4,Jeramey,McColgan,Casino Host
128,2,Clarice,Maplesden,Floor Manager
129,20,Margery,Avory,Floor Manager
130,24,Lorettalorna,Nani,Floor Manager
131,21,Christye,Rowet,Security Guard
132,3,Winfred,Stickles,Floor Manager
133,17,Durante,MacKenny,Pit Boss
134,28,Francine,Montford,Blackjack Dealer
135,12,Sileas,Duinkerk,Cashier
136,27,Alick,Martinot,Surveillance Operator
137,19,Waring,Leece,Casino Host
138,12,Auberon,Tesimon,Blackjack Dealer
139,17,Goldia,Limbert,Casino Host
140,2,Horton,Josovich,Marketing Coordinator
141,18,Zebulon,Parradice,Cocktail Server
142,7,Sigmund,Loughlin,Floor Manager
143,19,Chrissy,Ebben,Cocktail Server
144,23,Perren,Pogue,Slot Machine Technician
145,9,Danyette,Rizziello,Cashier
146,25,Gigi,Karadzas,Marketing Coordinator
147,2,Laughton,Pover,Slot Machine Technician
148,28,Shannan,Leeves,Security Guard
149,24,Merrily,Kiddye,Cashier
150,3,Sybyl,Toon,Casino Host
151,24,Sibelle,Beenham,Casino Host
152,14,Bernita,Knappe,Cocktail Server
153,2,Cord,Barns,Surveillance Operator
154,16,Inge,Duckwith,Marketing Coordinator
155,27,Harmonie,Ferrarin,Casino Host
156,2,Wandie,Goggin,Surveillance Operator
157,16,Barrie,Mattevi,Security Guard
158,1,Jerrold,Foort,Marketing Coordinator
159,12,Courtnay,Sandford,Surveillance Operator
160,28,Perren,Cusick,Cashier
161,6,Elaina,Winterburn,Floor Manager
162,19,Liam,Hamly,Cocktail Server
163,12,Xavier,Drover,Cashier
164,13,Sherwin,Dumpleton,Casino Host
165,12,Juliane,Duetsche,Blackjack Dealer
166,28,Ettore,Tomisch,Surveillance Operator
167,16,Clari,Tucknott,Marketing Coordinator
168,10,Vasili,Ratter,Security Guard
169,2,Kitti,Eassom,Blackjack Dealer
170,20,Ikey,Start,Cashier
171,25,Biddie,Baccas,Surveillance Operator
172,21,Ravid,Mangham,Pit Boss
173,6,Karyn,Kneaphsey,Cashier
174,11,Antin,Toppas,Cashier
175,25,Ashely,Blunt,Surveillance Operator
176,28,Jo-ann,Leppingwell,Blackjack Dealer
177,19,Marcos,Dredge,Floor Manager
178,3,Becka,Saffrin,Blackjack Dealer
179,26,Wilona,Bleue,Slot Machine Technician
180,1,Delora,Klaff,Floor Manager
181,19,Kalle,Gulc,Cashier
182,5,Blondy,Zealey,Cashier
183,25,Jeramey,Snodin,Blackjack Dealer
184,16,Jeniffer,Jeaneau,Cocktail Server
185,10,Betta,Tayt,Surveillance Operator
186,17,Emelen,Speechley,Pit Boss
187,16,Emery,O'Hartigan,Cocktail Server
188,15,Fairfax,Cusiter,Cocktail Server
189,14,Glyn,Wynrehame,Blackjack Dealer
190,25,Linda,Triplet,Blackjack Dealer
191,7,Wandis,Gerrad,Casino Host
192,4,Tybalt,Tofful,Floor Manager
193,10,Euphemia,Clineck,Slot Machine Technician
194,26,Gunner,Jeffrey,Marketing Coordinator
195,22,Marj,Ivankin,Floor Manager
196,12,Emmalynn,Norres,Security Guard
197,22,Billie,Arendsen,Slot Machine Technician
198,13,Amalea,Blacksland,Pit Boss
199,25,Codee,Yurikov,Floor Manager
200,24,Paulo,Hegley,Casino Host
201,7,Vale,Pennycord,Pit Boss
202,26,Shalna,Kernoghan,Pit Boss
203,19,Geoffrey,Rolley,Security Guard
204,1,Peta,Froment,Cocktail Server
205,7,Madalena,Ferneyhough,Cocktail Server
206,16,Greer,Royson,Blackjack Dealer
207,20,Steffie,Robertacci,Cocktail Server
208,22,Murdoch,Prentice,Marketing Coordinator
209,14,Christie,Harkus,Pit Boss
210,13,Annissa,Farman,Slot Machine Technician
211,1,Broderick,Wallbanks,Security Guard
212,25,Morry,Walster,Surveillance Operator
213,25,Carree,Arrell,Cashier
214,2,Cristiano,Durtnal,Pit Boss
215,8,Kean,Celle,Slot Machine Technician
216,27,Harrie,Fuster,Pit Boss
217,3,Randi,Tetlow,Blackjack Dealer
218,14,Carlene,Spadelli,Floor Manager
219,4,Lennard,Letteresse,Cocktail Server
220,10,Tana,Hurl,Surveillance Operator
221,10,Karisa,Dabels,Blackjack Dealer
222,20,Izabel,Lofting,Floor Manager
223,21,Sid,Hutfield,Pit Boss
224,8,Alaine,Carabet,Marketing Coordinator
225,14,Pryce,Daldry,Pit Boss
226,8,Rycca,Chansonne,Blackjack Dealer
227,24,Swen,Halbard,Cocktail Server
228,19,Bill,Lejeune,Slot Machine Technician
229,17,Donni,Rikard,Surveillance Operator
230,11,Perl,Gobeau,Surveillance Operator
231,6,Wendye,Mellmoth,Surveillance Operator
232,18,Candida,Meletti,Cashier
233,24,Sosanna,Peasgood,Cocktail Server
234,4,Norbie,Francom,Blackjack Dealer
235,5,Daisi,D'Aulby,Casino Host
236,1,Susan,Mewburn,Cashier
237,13,Bondie,Clingoe,Marketing Coordinator
238,28,Modestia,Chipperfield,Casino Host
239,26,Issie,Ashburne,Slot Machine Technician
240,2,Isabel,Mcwhinney,Slot Machine Technician
241,15,Timoteo,Geraldi,Blackjack Dealer
242,2,Kale,Beardwood,Cocktail Server
243,27,Imogene,Cominoli,Pit Boss
244,8,Cleo,Mumby,Cashier
245,12,Elias,Farncombe,Slot Machine Technician
246,29,Harriet,Northgraves,Marketing Coordinator
247,8,Sheela,Kenworth,Blackjack Dealer
248,24,Jessalyn,Cosens,Security Guard
249,9,Chiarra,Richfield,Pit Boss
250,15,Keven,Sachno,Floor Manager
251,1,Antone,Jurgen,Pit Boss
252,22,Hilliard,Sheldon,Casino Host
253,20,Buckie,Durie,Cashier
254,26,Bord,Cowle,Marketing Coordinator
255,26,Farris,Dreschler,Cashier
256,15,Michell,Shortcliffe,Marketing Coordinator
257,8,Orrin,Pavis,Cocktail Server
258,6,Tracy,Abbatt,Surveillance Operator
259,8,Tildie,Gorry,Cashier
260,1,Marylynne,Melladew,Security Guard
261,5,Nelson,Cotterrill,Casino Host
262,16,Norry,Roswarne,Surveillance Operator
263,4,Dun,Domenici,Floor Manager
264,17,Jacquelynn,Cruden,Floor Manager
265,25,Nealson,Huyge,Cocktail Server
266,20,Charissa,Constantine,Surveillance Operator
267,6,Haslett,Bugdall,Cashier
268,6,Cyb,Darke,Surveillance Operator
269,24,Harvey,Djokovic,Casino Host
270,9,Nehemiah,Hewson,Marketing Coordinator
271,8,Pandora,Galier,Cashier
272,29,Pascale,Sawford,Surveillance Operator
273,24,Gage,Nyles,Casino Host
274,26,Buffy,Reding,Slot Machine Technician
275,7,Carroll,Bergstrand,Cocktail Server
276,16,Shari,Gauchier,Cocktail Server
277,6,Lucia,Salvage,Marketing Coordinator
278,19,Sukey,Perritt,Marketing Coordinator
279,24,Jesse,Rule,Cocktail Server
280,6,Leandra,Leggott,Security Guard
281,17,Jane,Crucitti,Cocktail Server
282,16,Dione,Antoniades,Pit Boss
283,11,Dannel,Renackowna,Slot Machine Technician
284,21,Suzie,Isack,Pit Boss
285,24,Benita,Churchill,Cocktail Server
286,9,Sheppard,Cooksey,Pit Boss
287,7,Goober,Ilyenko,Security Guard
288,12,Rodie,Toman,Blackjack Dealer
289,14,Wenona,Caret,Surveillance Operator
290,10,Trevar,La Vigne,Pit Boss
291,1,Georgie,Elmhirst,Blackjack Dealer
292,23,Sloan,Maskelyne,Casino Host
293,10,Twila,Strover,Floor Manager
294,13,Engracia,Ambrogioli,Blackjack Dealer
295,24,Maryrose,Robinet,Marketing Coordinator
296,19,Florida,Shaw,Casino Host
297,2,Eyde,Hollington,Casino Host
298,21,Kearney,Lorraine,Casino Host
299,12,Rees,Coulthard,Casino Host
300,7,Vassili,Costell,Cocktail Server
301,15,Lavina,Comini,Cocktail Server
302,24,Nahum,Jaze,Blackjack Dealer
303,15,Bennie,Rehn,Marketing Coordinator
304,12,Aldridge,Loade,Slot Machine Technician
305,29,Hanan,Bartoshevich,Surveillance Operator
306,23,Stefa,Cadigan,Surveillance Operator
307,21,Willard,Muat,Casino Host
308,27,Tabbi,Clewlow,Pit Boss
309,13,Rickard,Gosnall,Pit Boss
310,25,Daphene,Hadny,Cashier
311,14,Hercules,Grimshaw,Surveillance Operator
312,12,Kora,Parlett,Slot Machine Technician
313,24,Tish,Sherme,Slot Machine Technician
314,19,Filbert,Yurasov,Cocktail Server
315,2,Stace,Jakov,Cashier
316,22,Ariel,Krzyzowski,Casino Host
317,1,Manfred,Ashelford,Casino Host
318,22,Jonell,Flewitt,Blackjack Dealer
319,19,Lucine,Bowshire,Casino Host
320,15,Davina,McMurty,Surveillance Operator
321,19,Sella,Tugwell,Casino Host
322,13,Byran,Farthing,Casino Host
323,26,Clint,Hannigane,Surveillance Operator
324,15,Daveen,Boddis,Pit Boss
325,16,Malena,Lawrinson,Slot Machine Technician
326,6,Alexei,Stoffel,Marketing Coordinator
327,27,Bianca,Camamill,Cashier
328,20,Stormie,Alenichicov,Casino Host
329,28,Jud,Zamudio,Blackjack Dealer
330,14,Bobbie,Goodliffe,Marketing Coordinator
331,22,Lilli,Valerio,Casino Host
332,17,Arlinda,Quested,Cocktail Server
333,28,Clarie,Downes,Cocktail Server
334,11,Leon,Steffans,Marketing Coordinator
335,18,Yelena,Grimme,Floor Manager
336,26,Lizzy,Drivers,Security Guard
337,15,Constancia,Keir,Blackjack Dealer
338,6,Joey,De Meis,Pit Boss
339,21,Flin,Sehorsch,Casino Host
340,18,Lek,Knapman,Cashier
341,21,Nathalia,Wilce,Pit Boss
342,8,Edgar,Sillett,Cocktail Server
343,13,Sonia,Ryce,Cashier
344,10,Ianthe,Rate,Slot Machine Technician
345,12,Kerri,Cockshutt,Casino Host
346,17,Livvy,Brockest,Cashier
347,8,Katha,Stoate,Pit Boss
348,9,Hetti,Bannon,Blackjack Dealer
349,5,Adelind,Tower,Slot Machine Technician
350,24,Gerty,Sexcey,Security Guard
351,8,Caterina,Leppingwell,Floor Manager
352,19,Alva,Snibson,Floor Manager
353,5,Neile,Halbeard,Cocktail Server
354,9,Rosetta,Stidson,Slot Machine Technician
355,26,Iggy,Welman,Cocktail Server
356,20,Kory,Hain,Floor Manager
357,3,Phil,Baigent,Security Guard
358,7,Griffie,Tunny,Surveillance Operator
359,27,Gare,Decruse,Pit Boss
360,28,Guglielma,Olczyk,Pit Boss
361,9,Cyril,Del Checolo,Slot Machine Technician
362,21,Xymenes,Gian,Slot Machine Technician
363,6,Margaretta,Piggen,Pit Boss
364,2,Nedda,Matzkaitis,Cocktail Server
365,27,Ab,Wickenden,Surveillance Operator
366,2,Monro,Densumbe,Pit Boss
367,10,Zuzana,Hurtic,Cocktail Server
368,7,Celie,Werrett,Cashier
369,24,Zackariah,Stoyell,Floor Manager
370,6,Mike,Turneaux,Security Guard
371,26,Nolan,Scorthorne,Casino Host
372,1,Eduardo,Krink,Marketing Coordinator
373,14,Bud,Danbi,Surveillance Operator
374,25,Filip,Glyne,Cocktail Server
375,7,Viki,Pavlata,Slot Machine Technician
376,9,Lian,Dachey,Cashier
377,25,Lane,Dick,Slot Machine Technician
378,5,Dusty,Jost,Cashier
379,13,Hillyer,Jowers,Cashier
380,1,Goraud,Medford,Cashier
381,28,Panchito,Vater,Security Guard
382,15,Thatcher,Gullis,Casino Host
383,7,Honor,Eilhermann,Security Guard
384,21,Paddy,Cowper,Casino Host
385,3,Meriel,Domegan,Slot Machine Technician
386,12,Orel,Officer,Marketing Coordinator
387,6,Sidney,Bellelli,Blackjack Dealer
388,12,Nicolea,Mantrup,Security Guard
389,29,Adriana,Sigfrid,Pit Boss
390,8,Deanne,Delaprelle,Slot Machine Technician
391,19,Sadella,Handyside,Blackjack Dealer
392,27,Hersh,Piletic,Floor Manager
393,3,Aldis,Windrum,Blackjack Dealer
394,28,Noby,Spinola,Pit Boss
395,10,Antony,Kelloway,Blackjack Dealer
396,21,Rich,Pickhaver,Pit Boss
397,27,Llewellyn,Le Grice,Surveillance Operator
398,6,Odette,Cressar,Security Guard
399,4,Francois,Yve,Pit Boss
400,9,Kaitlin,Wingatt,Pit Boss
401,23,Dannie,Rooksby,Security Guard
402,1,Almeda,Damper,Floor Manager
403,4,Gertie,Blitzer,Surveillance Operator
404,27,Em,Chrystal,Floor Manager
405,19,Justus,Bonney,Cocktail Server
406,5,Brody,Eykelbosch,Blackjack Dealer
407,24,Sharyl,Everist,Blackjack Dealer
408,1,Elane,Hodcroft,Security Guard
409,23,Sonni,Milch,Floor Manager
410,19,Matthias,Claiden,Security Guard
411,7,Alidia,Handforth,Slot Machine Technician
412,22,Edith,Windridge,Blackjack Dealer
413,28,Deloria,McDonnell,Cashier
414,8,Eveline,Zamboniari,Security Guard
415,3,Evvie,Morfell,Casino Host
416,25,Kristian,Macveigh,Floor Manager
417,9,Rakel,Mole,Slot Machine Technician
418,13,Ivonne,Eyton,Casino Host
419,18,Drucie,Danilowicz,Security Guard
420,4,Camellia,Heffernan,Casino Host
421,15,Garrott,Brugman,Pit Boss
422,29,Matilda,Bilbie,Cashier
423,13,Steve,Wrighton,Marketing Coordinator
424,26,Cheri,Mouan,Surveillance Operator
425,26,Corene,Gieraths,Cashier
426,10,Maris,Argile,Surveillance Operator
427,12,Kessiah,Blades,Marketing Coordinator
428,9,Elene,McKeaney,Slot Machine Technician
429,5,Violante,McMichael,Cashier
430,9,Hirsch,Enstone,Slot Machine Technician
431,28,Christie,Chattaway,Casino Host
432,14,Webb,Meers,Blackjack Dealer
433,15,Tomasine,MacCook,Blackjack Dealer
434,2,Chicky,Deware,Security Guard
435,4,Deborah,Dietz,Cocktail Server
436,13,Claretta,Wooton,Pit Boss
437,12,Eulalie,Crossgrove,Casino Host
438,25,Meghan,Szymanowicz,Marketing Coordinator
439,26,Starla,Heam,Security Guard
440,5,Jaynell,Elletson,Cashier
441,21,Mariette,Czajkowska,Marketing Coordinator
442,2,Jimmie,Beadles,Security Guard
443,29,Katha,Corteney,Surveillance Operator
444,27,Chris,Tie,Blackjack Dealer
445,23,Irma,Parsell,Slot Machine Technician
446,13,Eadith,O'Lennane,Pit Boss
447,3,Richard,Neno,Slot Machine Technician
448,6,Norry,Bolsover,Security Guard
449,9,Maureen,Doe,Surveillance Operator
450,9,Yuri,Crielly,Blackjack Dealer
451,23,Franny,Sackur,Cocktail Server
452,2,Jocelin,Ungerecht,Blackjack Dealer
453,11,Marchall,Postans,Casino Host
454,27,Chrisse,Schruurs,Pit Boss
455,27,Welsh,McGlaughn,Security Guard
456,25,Tiertza,Kausche,Cocktail Server
457,29,Carolee,Dine-Hart,Casino Host
458,20,Andreas,Fairchild,Marketing Coordinator
459,5,Archy,Waggatt,Surveillance Operator
460,19,Oren,Walasik,Blackjack Dealer
461,20,Page,Ralph,Marketing Coordinator
462,24,Nathalie,Straneo,Security Guard
463,12,Francis,Kleinmintz,Blackjack Dealer
464,24,Sue,Harriman,Slot Machine Technician
465,26,Minni,Overland,Marketing Coordinator
466,4,Katha,Savage,Marketing Coordinator
467,16,Merna,Arnao,Casino Host
468,1,Smitty,Regenhardt,Casino Host
469,25,Gilberte,Jozsa,Casino Host
470,24,Justinn,Tuer,Cocktail Server
471,29,Othilia,Vaughan,Marketing Coordinator
472,18,Simonne,Aleshkov,Casino Host
473,12,Rasia,Josuweit,Cashier
474,27,Garvin,Leaf,Floor Manager
475,1,Briney,Garman,Surveillance Operator
476,5,Marta,Tickel,Cocktail Server
477,21,Buddy,Bennit,Floor Manager
478,26,Abbe,Digweed,Floor Manager
479,1,Lewiss,Clowley,Cashier
480,8,Averell,Lawn,Blackjack Dealer
481,17,Hakim,Jonsson,Floor Manager
482,14,Arabelle,Sandercock,Slot Machine Technician
483,9,Patti,Mallett,Floor Manager
484,27,Reyna,Oriel,Casino Host
485,26,Germayne,Hillin,Pit Boss
486,13,Susy,Jeduch,Surveillance Operator
487,6,Bibbie,Paskell,Slot Machine Technician
488,28,Joleen,Haddock,Casino Host
489,6,Artair,Dignam,Casino Host
490,7,Kizzee,Mordey,Security Guard
491,16,Adelina,Hackley,Cocktail Server
492,22,Inez,Scupham,Security Guard
493,13,Larisa,Glidder,Cashier
494,10,Kerr,Motte,Pit Boss
495,18,Dion,Landman,Slot Machine Technician
496,16,Bruno,Kells,Marketing Coordinator
497,18,Des,Kemp,Slot Machine Technician
498,17,Montague,Moat,Cocktail Server
499,20,Aloysius,Lages,Security Guard
500,7,Red,Hubbart,Floor Manager
501,25,Steve,Oaten,Marketing Coordinator
502,2,Bobine,Castro,Pit Boss
503,20,Humfrid,Creasey,Floor Manager
504,18,Phineas,Gockeler,Pit Boss
505,16,Myrtle,Lipprose,Casino Host
506,9,Erinn,Topley,Security Guard
507,8,Clerissa,Licciardo,Cocktail Server
508,24,Berty,Widd,Slot Machine Technician
509,27,Phyllida,Cord,Blackjack Dealer
510,21,Gawain,Gerold,Casino Host
511,10,Job,Morad,Marketing Coordinator
512,21,Johny,Goldfinch,Marketing Coordinator
513,17,Rhianna,Barwack,Floor Manager
514,3,Bruis,Ferdinand,Marketing Coordinator
515,1,Gabi,Swyndley,Pit Boss
516,9,Maurizia,Laurens,Security Guard
517,12,Ker,Woolaston,Cashier
518,6,Janenna,Snasdell,Cocktail Server
519,2,Diana,Rigler,Cocktail Server
520,2,Georgine,Wankling,Slot Machine Technician
521,19,Gratia,Liddard,Security Guard
522,2,Bunny,Gorman,Marketing Coordinator
523,7,Matti,MacGiffin,Security Guard
524,25,Bambie,Langman,Floor Manager
525,4,Claire,Abbate,Cashier
526,26,Micheline,Dawdry,Surveillance Operator
527,19,Packston,Monelli,Surveillance Operator
528,7,Bari,Wooles,Cocktail Server
529,20,Luci,Bullene,Marketing Coordinator
530,6,Mariette,Attwill,Surveillance Operator
531,9,Ashlan,Szymonowicz,Floor Manager
532,23,Chrystel,Peracco,Pit Boss
533,26,Reynold,Baltzar,Blackjack Dealer
534,25,Marje,Perl,Cashier
535,4,Lucas,Kubelka,Cocktail Server
536,19,Malva,Neligan,Marketing Coordinator
537,12,Frasco,Priver,Blackjack Dealer
538,18,Jodi,Kurt,Casino Host
539,12,Yehudi,Ciubutaro,Slot Machine Technician
540,4,Nowell,Cobbled,Cashier
541,28,Julia,Wren,Blackjack Dealer
542,23,Georgie,Caghy,Surveillance Operator
543,7,Freddie,Pellant,Cashier
544,9,Corenda,Puckham,Pit Boss
545,12,Aylmar,Foan,Cashier
546,3,Franklin,Ferrierio,Blackjack Dealer
547,22,Malachi,Findon,Slot Machine Technician
548,1,Barrie,Ren,Surveillance Operator
549,20,Verna,Starrs,Surveillance Operator
550,12,Greggory,Sergeant,Security Guard
551,24,Marrilee,Dinsmore,Cocktail Server
552,14,Weston,Dunguy,Casino Host
553,8,Jerrilee,Cheers,Cashier
554,23,Janice,Pettyfer,Slot Machine Technician
555,11,Alethea,Benard,Surveillance Operator
556,12,Marcus,Joiris,Slot Machine Technician
557,2,Cathe,Shedden,Pit Boss
558,13,Torrin,Ferencz,Floor Manager
559,23,Loree,Randell,Cocktail Server
560,26,Meier,Dodd,Cashier
561,4,Nellie,Ezzell,Marketing Coordinator
562,19,Benita,Thorald,Floor Manager
563,25,Davie,Brandel,Cashier
564,13,Edeline,Ellins,Marketing Coordinator
565,7,Rex,Bruty,Security Guard
566,12,Selene,Wedlake,Marketing Coordinator
567,28,Becki,Vasquez,Blackjack Dealer
568,14,Dynah,Poacher,Floor Manager
569,22,Augustine,Harragin,Surveillance Operator
570,20,Winna,Scarsbrook,Blackjack Dealer
571,29,Zeb,Childers,Casino Host
572,9,Zane,Dumbleton,Security Guard
573,27,Melisenda,Ledbury,Blackjack Dealer
574,21,Bertina,O'Quin,Pit Boss
575,29,Dreddy,Langstone,Slot Machine Technician
576,6,Marten,Gress,Marketing Coordinator
577,13,Maryellen,Hamblen,Marketing Coordinator
578,2,Mannie,Scutter,Surveillance Operator
579,15,Nickie,Furmonger,Cocktail Server
580,26,Findlay,Drewes,Security Guard
581,18,Giovanni,Dudson,Surveillance Operator
582,26,Birch,Gentric,Floor Manager
583,25,Berkly,Bastin,Casino Host
584,27,Dacey,Mackelworth,Casino Host
585,17,Janos,Waddell,Blackjack Dealer
586,6,Kinnie,Causier,Cocktail Server
587,26,Rabi,McClinton,Slot Machine Technician
588,15,Titus,Tipperton,Cashier
589,3,Hans,Gamlin,Cocktail Server
590,6,Margette,Sproston,Slot Machine Technician
591,13,Allister,Condit,Cocktail Server
592,16,Dana,Hoggin,Cocktail Server
593,2,Zechariah,Aris,Cocktail Server
594,25,Emlyn,Ralestone,Cashier
595,4,Ashely,Bernhard,Blackjack Dealer
596,11,Adamo,Johanssen,Slot Machine Technician
597,15,Blane,Gley,Pit Boss
598,11,Tandi,De Bischop,Marketing Coordinator
599,21,Janelle,Romagnosi,Pit Boss
600,9,Hanan,Ing,Casino Host
601,7,Alena,Trematick,Cashier
602,14,Linet,Diego,Surveillance Operator
603,11,Gaven,Archibald,Security Guard
604,24,Maribeth,Bean,Cocktail Server
605,9,Sharlene,Brunsden,Floor Manager
606,18,Barbee,Robbel,Marketing Coordinator
607,21,De,Vowells,Security Guard
608,18,Terry,Mapis,Marketing Coordinator
609,25,Cherise,MacShirie,Slot Machine Technician
610,25,Jack,Cleveland,Casino Host
611,26,Angelico,Lytell,Pit Boss
612,9,Chanda,Caught,Pit Boss
613,3,Jaime,Tampion,Blackjack Dealer
614,21,Dukey,Knightsbridge,Security Guard
615,5,Bronny,Manders,Casino Host
616,2,Bernie,Ginnaly,Security Guard
617,17,Antonius,Rubinov,Pit Boss
618,1,Arin,Huegett,Cocktail Server
619,3,Jessi,Topes,Slot Machine Technician
620,1,Marcelia,Deerr,Casino Host
621,5,Wheeler,Clarey,Cocktail Server
622,7,Berti,Slainey,Floor Manager
623,5,Laetitia,Hryniewicz,Blackjack Dealer
624,24,Charleen,Whawell,Slot Machine Technician
625,28,Audre,Howison,Security Guard
626,21,Maryanne,Gotcliffe,Blackjack Dealer
627,17,Hildegarde,Fairfoot,Pit Boss
628,25,Dex,Creber,Pit Boss
629,7,Yankee,Reihm,Slot Machine Technician
630,6,Maegan,Rofe,Slot Machine Technician
631,9,Jarred,Huske,Blackjack Dealer
632,22,Viviyan,Marlor,Floor Manager
633,16,Gill,Libri,Marketing Coordinator
634,23,Kylen,Dzenisenka,Floor Manager
635,28,Geordie,Maleney,Casino Host
636,26,Aile,Elloit,Surveillance Operator
637,10,Rolando,Dayment,Cashier
638,24,Bea,Oneal,Floor Manager
639,5,Hali,Gatheral,Security Guard
640,12,Damaris,Glas,Surveillance Operator
641,16,Reeva,Harrismith,Marketing Coordinator
642,17,Elspeth,Gianetti,Slot Machine Technician
643,2,Gualterio,Melesk,Casino Host
644,19,Donny,Leindecker,Pit Boss
645,24,Sharity,McCarron,Cashier
646,27,Lina,Andor,Security Guard
647,7,Helga,Lehrian,Cashier
648,9,Averyl,Houlson,Blackjack Dealer
649,18,Porter,Lickess,Cocktail Server
650,12,Hetty,Horrell,Blackjack Dealer
651,19,Hurley,Mattschas,Floor Manager
652,2,Mirabel,Jeram,Slot Machine Technician
653,16,Carrol,Johnstone,Cocktail Server
654,28,Cletis,Snoday,Cashier
655,6,Luciana,Liley,Pit Boss
656,8,Jackie,Biernat,Marketing Coordinator
657,24,Nertie,Rands,Surveillance Operator
658,8,Guy,Halsworth,Slot Machine Technician
659,7,Hayward,Bareford,Marketing Coordinator
660,9,Brit,Collens,Cashier
661,27,Lynne,Panchen,Pit Boss
662,21,Wadsworth,Starbuck,Blackjack Dealer
663,26,Norbie,Lettsom,Cashier
664,1,Darci,d' Elboux,Floor Manager
665,5,Corenda,Scrauniage,Blackjack Dealer
666,27,Linzy,Sloy,Floor Manager
667,5,Bone,McHarry,Cocktail Server
668,7,Larina,Langmaid,Slot Machine Technician
669,17,Marin,Shadrack,Surveillance Operator
670,6,Shelby,Biss,Pit Boss
671,16,Edita,Wasling,Casino Host
672,22,Andromache,Thomassen,Slot Machine Technician
673,4,Cheston,Notley,Security Guard
674,4,Camel,Worledge,Slot Machine Technician
675,27,Gunter,Fisher,Surveillance Operator
676,14,Ofelia,Issacov,Blackjack Dealer
677,24,Shaina,Whitely,Security Guard
678,12,Vincent,Wilkin,Surveillance Operator
679,2,Benn,Klimkov,Blackjack Dealer
680,26,Cheslie,Andrzejewski,Pit Boss
681,25,Clayborne,Pidgley,Blackjack Dealer
682,27,Maisie,Melmeth,Pit Boss
683,15,Marla,Hunter,Cocktail Server
684,19,Roberta,Thrift,Pit Boss
685,13,Cybil,Goodhew,Surveillance Operator
686,5,Ellynn,Cuschieri,Pit Boss
687,28,Leslie,Coolson,Casino Host
688,6,Joela,Jelly,Cashier
689,18,Jeanelle,Devlin,Marketing Coordinator
690,18,Chicky,Harston,Cashier
691,5,Allie,Woolaghan,Marketing Coordinator
692,23,Dari,Kull,Casino Host
693,26,Sophronia,Pohlke,Marketing Coordinator
694,23,Garrott,Pottle,Casino Host
695,19,Carine,McGuinley,Cocktail Server
696,9,Paten,Couser,Cashier
697,17,Etienne,Balbeck,Pit Boss
698,20,Lucien,Riordan,Pit Boss
699,4,Iseabal,Paladini,Marketing Coordinator
700,22,Tally,Dacke,Security Guard
701,1,Chery,Jouhandeau,Security Guard
702,17,Willey,Martinello,Cocktail Server
703,18,Frederik,Castillo,Cocktail Server
704,19,Clayson,Kestin,Marketing Coordinator
705,5,Edgard,Goldson,Blackjack Dealer
706,20,Eberhard,Freshwater,Marketing Coordinator
707,4,Clarissa,Cavnor,Security Guard
708,28,Debra,Crevy,Casino Host
709,3,Godard,Grzegorzewski,Blackjack Dealer
710,26,Lizzie,Simnor,Surveillance Operator
711,24,Catarina,Lortzing,Surveillance Operator
712,12,Lanae,Bellerby,Blackjack Dealer
713,20,Haroun,Strangeway,Security Guard
714,6,Pernell,Loade,Casino Host
715,1,Karel,Levesley,Casino Host
716,10,Daveta,MacParlan,Surveillance Operator
717,14,Dyanna,Laver,Pit Boss
718,24,Tansy,Niemiec,Pit Boss
719,25,Zak,Snelson,Cashier
720,22,Norina,Augustin,Slot Machine Technician
721,8,Tan,Hanway,Slot Machine Technician
722,8,Gunther,Rothery,Casino Host
723,28,Crissie,Pavluk,Floor Manager
724,15,Cortney,Dillon,Slot Machine Technician
725,14,Brent,Filoniere,Blackjack Dealer
726,28,Erie,Livingstone,Floor Manager
727,23,Caleb,Drewry,Cashier
728,9,Gibb,Weekes,Marketing Coordinator
729,12,Melina,Hammerson,Floor Manager
730,25,Celestine,Delamar,Pit Boss
731,27,Leelah,Trengrouse,Marketing Coordinator
732,24,Gunner,Questier,Cashier
733,17,Fidelia,Rasell,Slot Machine Technician
734,12,Jada,Bengtsson,Slot Machine Technician
735,14,Micaela,Bucklee,Cashier
736,25,Cori,Gierhard,Floor Manager
737,11,Kirby,Creddon,Pit Boss
738,9,Channa,Pearch,Blackjack Dealer
739,5,Penelope,Huntar,Floor Manager
740,29,Nanine,Paten,Blackjack Dealer
741,17,Desiri,Duligal,Pit Boss
742,2,Floyd,Okey,Surveillance Operator
743,16,Orelia,Tankin,Floor Manager
744,6,Nikola,Wartnaby,Floor Manager
745,10,Pris,Seers,Blackjack Dealer
746,28,Jeremie,Peasby,Security Guard
747,17,Ninnette,Ladel,Blackjack Dealer
748,23,Merna,Linzee,Marketing Coordinator
749,17,Troy,Plewes,Pit Boss
750,20,Rudolph,Karlicek,Marketing Coordinator
751,22,Hagen,Gloyens,Security Guard
752,2,Noam,McSporrin,Slot Machine Technician
753,15,Cirstoforo,Jaquemar,Cocktail Server
754,22,Jordain,Blackett,Security Guard
755,25,Kipper,Stokell,Marketing Coordinator
756,13,Orion,Reader,Security Guard
757,24,Harlin,Kivelhan,Casino Host
758,9,Kenny,Freyne,Pit Boss
759,29,Rowan,Warrick,Slot Machine Technician
760,4,Ingelbert,Radleigh,Pit Boss
761,21,Selig,Childrens,Floor Manager
762,26,Neala,Trahmel,Casino Host
763,21,Kati,Beckett,Slot Machine Technician
764,26,Adina,Tomaskunas,Cocktail Server
765,3,Jerald,Nestor,Slot Machine Technician
766,15,Ivy,Stuehmeyer,Marketing Coordinator
767,20,Thedrick,Aikett,Cocktail Server
768,4,Tiertza,Lardeux,Cashier
769,4,Abbey,Phare,Slot Machine Technician
770,15,Elisabeth,McCurry,Security Guard
771,2,Addy,Sutch,Blackjack Dealer
772,4,Tarrah,Fines,Cocktail Server
773,4,Nonah,Drury,Slot Machine Technician
774,19,Darryl,Daulton,Casino Host
775,17,Ches,Chong,Marketing Coordinator
776,8,Rianon,Obeney,Cashier
777,29,Broddie,Lemm,Floor Manager
778,25,Tandi,Whitnall,Security Guard
779,15,Cornela,Bessey,Cashier
780,26,Willem,Richmond,Marketing Coordinator
781,4,Damita,Lapish,Slot Machine Technician
782,11,Carlin,Orgill,Marketing Coordinator
783,13,Adair,Brent,Surveillance Operator
784,11,Aylmar,Bartolomeotti,Floor Manager
785,4,Alidia,Willoughway,Security Guard
786,21,Gillian,Ingman,Cashier
787,26,Casandra,Bristoe,Floor Manager
788,25,Maxy,Bosson,Floor Manager
789,15,Zeke,Bendall,Marketing Coordinator
790,27,Maure,Pettitt,Cashier
791,12,Sherline,Roche,Marketing Coordinator
792,14,Carie,Bauld,Marketing Coordinator
793,28,Silvana,Jumel,Cashier
794,9,Radcliffe,Leete,Blackjack Dealer
795,15,Graeme,Farquarson,Casino Host
796,16,Richart,Stinton,Casino Host
797,16,Alfredo,Dymidowski,Marketing Coordinator
798,13,Rafa,Zuann,Surveillance Operator
799,17,Ferdinande,Harfoot,Pit Boss
800,6,Teirtza,Karchewski,Security Guard
801,21,Becka,Yearnsley,Cocktail Server
802,16,Gisele,Hencke,Surveillance Operator
803,6,Viviyan,Espie,Casino Host
804,13,Jasmina,Leschelle,Security Guard
805,27,Francklin,Kaines,Marketing Coordinator
806,4,Lani,Twidale,Blackjack Dealer
807,2,Abel,Hartright,Slot Machine Technician
808,29,Ike,Worts,Slot Machine Technician
809,3,Edyth,Melburg,Marketing Coordinator
810,15,Briant,Hogbourne,Pit Boss
811,9,Verile,Tichner,Surveillance Operator
812,28,Heida,Dunbobin,Casino Host
813,17,Bobbe,Labbez,Security Guard
814,26,Jamaal,Leffek,Cashier
815,12,Tedi,Kief,Cocktail Server
816,20,Angelika,Johansen,Marketing Coordinator
817,22,Noami,Brew,Casino Host
818,27,Cinderella,Woodford,Blackjack Dealer
819,4,Darice,Fiennes,Cashier
820,11,Nikolas,Dilliston,Blackjack Dealer
821,12,Antoine,Hastilow,Cocktail Server
822,12,Nadean,Ughelli,Security Guard
823,21,Karlik,Juares,Pit Boss
824,10,Sarette,Dimmne,Floor Manager
825,20,Gussi,Leyton,Security Guard
826,9,Nelli,Bennoe,Blackjack Dealer
827,1,Juliane,Mayer,Cocktail Server
828,17,Armand,Sayburn,Slot Machine Technician
829,1,Cissiee,Stollmeier,Surveillance Operator
830,9,Wilbur,Knowler,Floor Manager
831,5,Adolph,Woolley,Pit Boss
832,26,Cornela,Simester,Security Guard
833,4,Philbert,Ducrow,Floor Manager
834,11,Wilhelmine,Silverton,Surveillance Operator
835,1,Ced,Mirando,Cocktail Server
836,6,Chelsie,Wraighte,Security Guard
837,29,Brianne,Ginsie,Cocktail Server
838,18,Gerti,Robardley,Marketing Coordinator
839,14,Norbert,Bodemeaid,Blackjack Dealer
840,3,Butch,Carlan,Casino Host
841,17,Nick,Mawman,Marketing Coordinator
842,1,Reginald,MacSkeagan,Pit Boss
843,26,Idalina,Hartwright,Cashier
844,29,Guillaume,Prattin,Security Guard
845,20,Cordula,Hurran,Marketing Coordinator
846,12,Carol,Hearnes,Surveillance Operator
847,10,Allie,Muirden,Slot Machine Technician
848,17,Jarrid,Kenway,Blackjack Dealer
849,26,Gilberte,Mundwell,Pit Boss
850,26,Gherardo,Shortall,Marketing Coordinator
851,9,Odie,Birmingham,Security Guard
852,20,Ewen,Ivashintsov,Slot Machine Technician
853,19,Davin,Hawarden,Security Guard
854,13,Ellen,Trout,Cocktail Server
855,20,Christen,Absolon,Pit Boss
856,15,Austin,Sansun,Security Guard
857,6,Adolpho,Galiero,Cocktail Server
858,15,Harriette,Ragbourne,Casino Host
859,2,Grayce,Bertson,Floor Manager
860,15,Sandi,Puttrell,Pit Boss
861,13,Thayne,Atley,Casino Host
862,25,Hube,Mitchell,Cashier
863,22,Malena,Titman,Slot Machine Technician
864,8,Jeanine,Jentet,Slot Machine Technician
865,2,Aeriell,Annand,Pit Boss
866,5,Shelagh,Burnell,Cocktail Server
867,6,Giovanni,Casbolt,Surveillance Operator
868,15,Ilka,Whiteway,Surveillance Operator
869,18,Katine,Betts,Blackjack Dealer
870,4,Burtie,Szymanowicz,Floor Manager
871,2,Kayla,Bernucci,Slot Machine Technician
872,4,Jessee,Ortsmann,Surveillance Operator
873,14,Marrissa,Fee,Security Guard
874,29,Mathian,Gellibrand,Casino Host
875,27,Neville,Fyrth,Pit Boss
876,13,Hanna,Newhouse,Slot Machine Technician
877,3,Puff,Golagley,Cashier
878,9,Susanetta,Hunnaball,Casino Host
879,19,Gunter,Winchcomb,Cocktail Server
880,9,Catie,Ferrolli,Security Guard
881,4,Hamlen,Tidder,Casino Host
882,3,Bail,Wint,Marketing Coordinator
883,21,Dasi,Whatford,Cashier
884,13,Silvester,Andrus,Surveillance Operator
885,19,Ashlie,McKevin,Blackjack Dealer
886,17,Ilka,Dewire,Cocktail Server
887,15,Brandtr,Musgrave,Cashier
888,24,Teodorico,Loren,Security Guard
889,9,Adina,Strowger,Security Guard
890,1,Maude,Tomasz,Blackjack Dealer
891,17,Stanton,Warde,Floor Manager
892,8,Bridgette,Hartzogs,Security Guard
893,2,Carolyne,De Andisie,Security Guard
894,26,Rainer,Spata,Casino Host
895,16,Nadia,Codron,Marketing Coordinator
896,5,Ellyn,Delap,Casino Host
897,14,Marnia,Froude,Marketing Coordinator
898,2,Kassie,Norquay,Casino Host
899,24,Ardelle,Tolhurst,Blackjack Dealer
900,5,Patti,De Banke,Marketing Coordinator
901,3,Hulda,Impey,Cashier
902,21,Emmey,Eplett,Casino Host
903,17,Kathie,Anthoin,Slot Machine Technician
904,7,Kristofer,Smallcombe,Surveillance Operator
905,2,Gal,Giscken,Casino Host
906,23,Muffin,Kimblen,Cocktail Server
907,27,Reed,de Pinna,Blackjack Dealer
908,2,Jody,Andreini,Pit Boss
909,9,Lissi,Paolo,Surveillance Operator
910,11,Tan,Morillas,Pit Boss
911,5,Wallie,Meneely,Cocktail Server
912,21,Cecilla,Dongall,Floor Manager
913,18,Hilary,McRoberts,Marketing Coordinator
914,4,Olenolin,Bellerby,Surveillance Operator
915,13,Sephira,Eglington,Slot Machine Technician
916,23,Allyson,Bellefant,Cocktail Server
917,8,Ingamar,Burchess,Casino Host
918,2,Roxane,Faudrie,Cashier
919,13,Jaynell,Castagnone,Casino Host
920,11,Stillman,Haw,Casino Host
921,3,Karisa,Blyde,Floor Manager
922,21,Nelli,Edmed,Security Guard
923,24,Arielle,Sparway,Security Guard
924,9,Connor,Rieme,Casino Host
925,23,Darb,Antalffy,Surveillance Operator
926,19,Orsa,Bulstrode,Cashier
927,28,Tabbi,Murrigans,Pit Boss
928,6,Cosetta,Blanden,Pit Boss
929,27,Dorothee,Faircliff,Cocktail Server
930,26,Irma,Rambadt,Cashier
931,2,Cassandre,Human,Cocktail Server
932,27,Hazlett,Moyser,Pit Boss
933,14,Ealasaid,McLucas,Pit Boss
934,14,Sam,Scargle,Blackjack Dealer
935,8,Arni,Seabrocke,Cashier
936,3,Ariella,Cuttelar,Slot Machine Technician
937,9,Findlay,Horbath,Pit Boss
938,29,Chauncey,Figiovanni,Floor Manager
939,16,Jessalin,Sealove,Blackjack Dealer
940,20,Ethelyn,Wyllie,Casino Host
941,26,Winston,Tilbey,Security Guard
942,16,Randie,Welling,Surveillance Operator
943,7,Rosita,Woodfine,Cashier
944,16,Garwin,Proske,Casino Host
945,9,Abbie,Abells,Cocktail Server
946,2,Leola,Bamlett,Marketing Coordinator
947,14,Candra,Ramard,Surveillance Operator
948,4,Eustace,Cannings,Cocktail Server
949,23,Nessie,Dodle,Cocktail Server
950,15,Claudelle,Hospital,Security Guard
951,14,Barney,Francisco,Surveillance Operator
952,10,Harlen,Roncelli,Security Guard
953,13,Kelcie,Lerway,Casino Host
954,23,Bridie,Berrisford,Surveillance Operator
955,13,Bride,Keher,Security Guard
956,9,Neysa,Cumberlidge,Security Guard
957,5,Fitz,Biasi,Blackjack Dealer
958,25,Harrie,Costock,Slot Machine Technician
959,1,Marcella,Bines,Marketing Coordinator
960,25,Mitch,Kubacki,Surveillance Operator
961,10,Celinda,Chiddy,Casino Host
962,17,Paloma,Stobbie,Blackjack Dealer
963,3,Ogden,Baldcock,Casino Host
964,2,Tedmund,Sarsons,Pit Boss
965,22,Teresa,Darco,Blackjack Dealer
966,14,Delia,Craigg,Surveillance Operator
967,8,Ferguson,Crepin,Pit Boss
968,21,Drucill,Dance,Slot Machine Technician
969,23,Weidar,Aguilar,Marketing Coordinator
970,19,Jessika,Iwanowski,Casino Host
971,2,Nicola,Beddoe,Blackjack Dealer
972,14,Amby,Vinton,Pit Boss
973,10,Jimmy,Brighty,Security Guard
974,8,Halley,Dohms,Floor Manager
975,2,Mara,Burkitt,Surveillance Operator
976,12,Charles,Haulkham,Cashier
977,25,Theo,Nanelli,Surveillance Operator
978,11,Rees,Westberg,Surveillance Operator
979,18,Catlaina,Justice,Cashier
980,6,Kit,Crust,Casino Host
981,28,Paolina,Bloy,Slot Machine Technician
982,28,Mauricio,Perche,Blackjack Dealer
983,24,Ginni,Frost,Security Guard
984,15,Evania,Maryet,Marketing Coordinator
985,25,Bert,Jedrzej,Pit Boss
986,21,Amery,Weddell,Surveillance Operator
987,5,Karlis,Yukhov,Slot Machine Technician
988,19,Manny,Locard,Slot Machine Technician
989,21,Shamus,Francey,Surveillance Operator
990,1,Pall,Kernock,Blackjack Dealer
991,20,Dallis,Browncey,Blackjack Dealer
992,19,Othilie,Mc Pake,Casino Host
993,3,Paolina,Libero,Pit Boss
994,29,Archaimbaud,Jeanesson,Casino Host
995,27,Frasier,Yglesias,Security Guard
996,23,Dorthy,Hayland,Pit Boss
997,23,Goldi,Durrant,Security Guard
998,26,Max,Gunnell,Floor Manager
999,24,Etty,Linggood,Casino Host
1000,20,Lowrance,Dunsmore,Blackjack Dealer